Date,Maximum Temperature degrees (F),Minimum Temperature degrees (F),Precipitation (inches),Snow (inches),Snow Depth (inches)
2014-01-01,1.0,-8.0,0.0,0.0,6.0
2014-01-02,4.0,-10.0,0.0,0.0,6.0
2014-01-03,29.0,-10.0,0.12,0.3,6.0
2014-01-04,35.0,-2.0,0.02,0.0,6.0
2014-01-05,-2.0,-20.0,0.0,0.0,6.0
2014-01-06,-12.0,-23.0,0.0,0.0,6.0
2014-01-07,5.0,-15.0,0.0,0.0,6.0
2014-01-08,4.0,-11.0,0.0,0.0,6.0
2014-01-09,20.0,-11.0,0.0,0.0,6.0
2014-01-10,31.0,16.0,0.0,0.0,6.0
2014-01-11,32.0,23.0,0.0,0.0,6.0
2014-01-12,40.0,22.0,0.0,0.0,6.0
2014-01-13,34.0,27.0,0.01,0.3,6.0
2014-01-14,28.0,7.0,0.26,4.1,9.0
2014-01-15,25.0,-1.0,0.03,0.5,10.0
2014-01-16,35.0,7.0,0.05,0.6,11.0
2014-01-17,13.0,1.0,0.0,0.0,10.0
2014-01-18,23.0,9.0,0.17,4.5,14.0
2014-01-19,39.0,17.0,0.0,0.0,13.0
2014-01-20,31.0,-3.0,0.01,0.2,10.0
2014-01-21,6.0,-13.0,0.02,0.5,10.0
2014-01-22,8.0,-8.0,0.01,0.6,11.0
2014-01-23,2.0,-17.0,0.0,0.0,11.0
2014-01-24,33.0,2.0,0.08,1.3,10.0
2014-01-25,24.0,2.0,0.11,2.3,11.0
2014-01-26,18.0,-8.0,0.09,1.1,13.0
2014-01-27,-6.0,-16.0,0.0,0.0,12.0
2014-01-28,0.0,-16.0,0.0,0.0,12.0
2014-01-29,34.0,-6.0,0.0,0.0,12.0
2014-01-30,28.0,-4.0,0.44,6.4,12.0
2014-01-31,9.0,-9.0,0.0,0.0,16.0
2014-02-01,22.0,-1.0,0.0,0.0,16.0
2014-02-02,14.0,-7.0,0.0,0.0,15.0
2014-02-03,16.0,-1.0,0.0,0.0,14.0
2014-02-04,11.0,-1.0,0.0,0.0,14.0
2014-02-05,4.0,-5.0,0.0,0.0,14.0
2014-02-06,4.0,-11.0,0.0,0.0,14.0
2014-02-07,12.0,-5.0,0.0,0.0,13.0
2014-02-08,15.0,-4.0,0.0,0.0,13.0
2014-02-09,9.0,-7.0,0.0,0.0,13.0
2014-02-10,8.0,-11.0,0.0,0.0,13.0
2014-02-11,13.0,-12.0,0.0,0.0,13.0
2014-02-12,24.0,12.0,0.03,0.5,13.0
2014-02-13,30.0,5.0,0.0,0.2,13.0
2014-02-14,16.0,1.0,0.0,0.0,13.0
2014-02-15,19.0,0.0,0.12,1.8,13.0
2014-02-16,22.0,4.0,0.0,0.0,14.0
2014-02-17,29.0,18.0,0.32,4.9,15.0
2014-02-18,44.0,16.0,0.0,0.0,18.0
2014-02-19,40.0,21.0,0.0,0.0,17.0
2014-02-20,36.0,15.0,0.83,8.4,16.0
2014-02-21,16.0,6.0,0.06,1.5,24.0
2014-02-22,14.0,4.0,0.0,0.0,23.0
2014-02-23,17.0,1.0,0.0,0.0,21.0
2014-02-24,14.0,-3.0,0.01,0.2,20.0
2014-02-25,6.0,-7.0,0.0,0.0,20.0
2014-02-26,20.0,-11.0,0.0,0.0,20.0
2014-02-27,1.0,-14.0,0.0,0.0,20.0
2014-02-28,14.0,-9.0,0.04,0.9,20.0
2014-03-01,8.0,-7.0,0.0,0.0,21.0
2014-03-02,3.0,-15.0,0.0,0.0,20.0
2014-03-03,10.0,-10.0,0.02,0.3,19.0
2014-03-04,19.0,7.0,0.0,0.0,19.0
2014-03-05,24.0,12.0,0.0,0.0,19.0
2014-03-06,26.0,12.0,0.0,0.0,16.0
2014-03-07,33.0,23.0,0.0,0.0,16.0
2014-03-08,29.0,15.0,0.0,0.0,16.0
2014-03-09,44.0,17.0,0.0,0.0,15.0
2014-03-10,53.0,32.0,0.0,0.0,15.0
2014-03-11,44.0,29.0,0.0,0.0,13.0
2014-03-12,30.0,19.0,0.0,0.0,11.0
2014-03-13,50.0,20.0,0.0,0.0,10.0
2014-03-14,44.0,26.0,0.0,0.0,6.0
2014-03-15,31.0,20.0,0.0,0.0,5.0
2014-03-16,25.0,11.0,0.0,0.0,5.0
2014-03-17,35.0,23.0,0.06,0.2,4.0
2014-03-18,37.0,28.0,0.15,2.3,4.0
2014-03-19,36.0,26.0,0.06,0.6,7.0
2014-03-20,44.0,22.0,0.0,0.0,6.0
2014-03-21,45.0,20.0,0.0,0.0,4.0
2014-03-22,22.0,8.0,0.0,0.0,2.0
2014-03-23,26.0,8.0,0.0,0.0,2.0
2014-03-24,31.0,17.0,0.08,1.2,2.0
2014-03-25,24.0,10.0,0.0,0.0,2.0
2014-03-26,40.0,13.0,0.0,0.0,2.0
2014-03-27,40.0,31.0,0.44,0.1,0.0
2014-03-28,38.0,27.0,0.0,0.0,0.0
2014-03-29,43.0,22.0,0.0,0.0,0.0
2014-03-30,60.0,36.0,0.0,0.0,0.0
2014-03-31,58.0,29.0,0.01,0.0,0.0
2014-04-01,37.0,20.0,0.02,0.2,0.0
2014-04-02,43.0,21.0,0.0,0.0,0.0
2014-04-03,40.0,27.0,0.68,5.0,0.0
2014-04-04,40.0,25.0,0.11,1.5,6.0
2014-04-05,50.0,24.0,0.0,0.0,4.0
2014-04-06,62.0,40.0,0.0,0.0,0.0
2014-04-07,60.0,38.0,0.0,0.0,0.0
2014-04-08,54.0,34.0,0.0,0.0,0.0
2014-04-09,71.0,35.0,0.0,0.0,0.0
2014-04-10,62.0,45.0,0.0,0.0,0.0
2014-04-11,63.0,43.0,0.0,0.0,0.0
2014-04-12,55.0,44.0,0.14,0.0,0.0
2014-04-13,44.0,32.0,0.0,0.0,0.0
2014-04-14,38.0,24.0,0.0,0.0,0.0
2014-04-15,36.0,18.0,0.0,0.0,0.0
2014-04-16,37.0,28.0,0.68,0.3,0.0
2014-04-17,42.0,28.0,0.0,0.0,0.0
2014-04-18,52.0,26.0,0.0,0.0,0.0
2014-04-19,67.0,42.0,0.11,0.0,0.0
2014-04-20,74.0,45.0,0.1,0.0,0.0
2014-04-21,68.0,44.0,0.2,0.0,0.0
2014-04-22,59.0,38.0,0.0,0.0,0.0
2014-04-23,47.0,40.0,0.26,0.0,0.0
2014-04-24,45.0,38.0,0.84,0.0,0.0
2014-04-25,64.0,36.0,0.0,0.0,0.0
2014-04-26,55.0,37.0,0.04,0.0,0.0
2014-04-27,45.0,38.0,1.76,0.0,0.0
2014-04-28,45.0,41.0,0.7,0.0,0.0
2014-04-29,42.0,34.0,0.6,0.0,0.0
2014-04-30,46.0,35.0,0.03,0.0,0.0
2014-05-01,49.0,37.0,0.04,0.0,0.0
2014-05-02,59.0,42.0,0.0,0.0,0.0
2014-05-03,59.0,43.0,0.0,0.0,0.0
2014-05-04,57.0,36.0,0.0,0.0,0.0
2014-05-05,64.0,50.0,0.0,0.0,0.0
2014-05-06,65.0,47.0,0.0,0.0,0.0
2014-05-07,65.0,51.0,0.04,0.0,0.0
2014-05-08,69.0,51.0,0.59,0.0,0.0
2014-05-09,60.0,46.0,0.0,0.0,0.0
2014-05-10,70.0,41.0,0.06,0.0,0.0
2014-05-11,68.0,48.0,0.63,0.0,0.0
2014-05-12,63.0,49.0,0.27,0.0,0.0
2014-05-13,53.0,43.0,0.0,0.0,0.0
2014-05-14,59.0,38.0,0.0,0.0,0.0
2014-05-15,49.0,40.0,0.0,0.0,0.0
2014-05-16,54.0,40.0,0.0,0.0,0.0
2014-05-17,66.0,41.0,0.0,0.0,0.0
2014-05-18,72.0,49.0,0.0,0.0,0.0
2014-05-19,60.0,51.0,2.25,0.0,0.0
2014-05-20,78.0,50.0,0.0,0.0,0.0
2014-05-21,66.0,51.0,0.0,0.0,0.0
2014-05-22,71.0,47.0,0.0,0.0,0.0
2014-05-23,75.0,50.0,0.0,0.0,0.0
2014-05-24,80.0,58.0,0.0,0.0,0.0
2014-05-25,79.0,56.0,0.0,0.0,0.0
2014-05-26,82.0,66.0,0.01,0.0,0.0
2014-05-27,73.0,61.0,0.01,0.0,0.0
2014-05-28,81.0,58.0,0.0,0.0,0.0
2014-05-29,84.0,57.0,0.0,0.0,0.0
2014-05-30,87.0,64.0,0.0,0.0,0.0
2014-05-31,86.0,68.0,0.65,0.0,0.0
2014-06-01,72.0,65.0,2.37,0.0,0.0
2014-06-02,80.0,60.0,0.02,0.0,0.0
2014-06-03,75.0,56.0,0.0,0.0,0.0
2014-06-04,81.0,61.0,0.0,0.0,0.0
2014-06-05,78.0,63.0,0.03,0.0,0.0
2014-06-06,84.0,59.0,0.0,0.0,0.0
2014-06-07,67.0,51.0,0.89,0.0,0.0
2014-06-08,71.0,49.0,0.0,0.0,0.0
2014-06-09,70.0,59.0,0.0,0.0,0.0
2014-06-10,77.0,55.0,0.0,0.0,0.0
2014-06-11,81.0,61.0,0.18,0.0,0.0
2014-06-12,66.0,54.0,0.0,0.0,0.0
2014-06-13,76.0,51.0,0.0,0.0,0.0
2014-06-14,66.0,58.0,1.6,0.0,0.0
2014-06-15,76.0,57.0,0.64,0.0,0.0
2014-06-16,85.0,63.0,0.38,0.0,0.0
2014-06-17,82.0,62.0,0.01,0.0,0.0
2014-06-18,81.0,69.0,0.51,0.0,0.0
2014-06-19,74.0,65.0,4.13,0.0,0.0
2014-06-20,85.0,67.0,0.0,0.0,0.0
2014-06-21,85.0,67.0,0.0,0.0,0.0
2014-06-22,77.0,66.0,0.09,0.0,0.0
2014-06-23,83.0,66.0,0.0,0.0,0.0
2014-06-24,84.0,64.0,0.0,0.0,0.0
2014-06-25,72.0,56.0,0.0,0.0,0.0
2014-06-26,81.0,58.0,0.0,0.0,0.0
2014-06-27,81.0,70.0,0.0,0.0,0.0
2014-06-28,83.0,69.0,0.5,0.0,0.0
2014-06-29,85.0,64.0,0.01,0.0,0.0
2014-06-30,81.0,65.0,0.0,0.0,0.0
2014-07-01,75.0,55.0,0.15,0.0,0.0
2014-07-02,74.0,54.0,0.01,0.0,0.0
2014-07-03,78.0,58.0,0.0,0.0,0.0
2014-07-04,78.0,60.0,0.0,0.0,0.0
2014-07-05,84.0,65.0,0.0,0.0,0.0
2014-07-06,90.0,69.0,0.13,0.0,0.0
2014-07-07,87.0,65.0,0.37,0.0,0.0
2014-07-08,77.0,62.0,0.0,0.0,0.0
2014-07-09,79.0,58.0,0.0,0.0,0.0
2014-07-10,85.0,61.0,0.0,0.0,0.0
2014-07-11,81.0,65.0,1.03,0.0,0.0
2014-07-12,80.0,68.0,0.06,0.0,0.0
2014-07-13,78.0,63.0,0.0,0.0,0.0
2014-07-14,65.0,56.0,0.07,0.0,0.0
2014-07-15,72.0,54.0,0.0,0.0,0.0
2014-07-16,77.0,55.0,0.0,0.0,0.0
2014-07-17,79.0,59.0,0.0,0.0,0.0
2014-07-18,79.0,60.0,0.0,0.0,0.0
2014-07-19,79.0,67.0,0.0,0.0,0.0
2014-07-20,87.0,70.0,0.0,0.0,0.0
2014-07-21,92.0,74.0,0.0,0.0,0.0
2014-07-22,86.0,70.0,0.0,0.0,0.0
2014-07-23,84.0,61.0,0.0,0.0,0.0
2014-07-24,82.0,63.0,0.0,0.0,0.0
2014-07-25,81.0,64.0,0.42,0.0,0.0
2014-07-26,86.0,71.0,0.0,0.0,0.0
2014-07-27,78.0,65.0,0.03,0.0,0.0
2014-07-28,77.0,63.0,0.0,0.0,0.0
2014-07-29,81.0,59.0,0.0,0.0,0.0
2014-07-30,83.0,60.0,0.0,0.0,0.0
2014-07-31,84.0,63.0,0.0,0.0,0.0
2014-08-01,87.0,65.0,0.0,0.0,0.0
2014-08-02,87.0,67.0,0.0,0.0,0.0
2014-08-03,88.0,68.0,0.67,0.0,0.0
2014-08-04,81.0,68.0,0.0,0.0,0.0
2014-08-05,81.0,62.0,0.0,0.0,0.0
2014-08-06,82.0,62.0,0.0,0.0,0.0
2014-08-07,83.0,65.0,0.0,0.0,0.0
2014-08-08,83.0,67.0,0.0,0.0,0.0
2014-08-09,79.0,67.0,0.0,0.0,0.0
2014-08-10,84.0,68.0,0.15,0.0,0.0
2014-08-11,78.0,62.0,0.04,0.0,0.0
2014-08-12,80.0,57.0,0.0,0.0,0.0
2014-08-13,83.0,63.0,0.0,0.0,0.0
2014-08-14,80.0,59.0,0.0,0.0,0.0
2014-08-15,85.0,64.0,0.0,0.0,0.0
2014-08-16,86.0,67.0,0.08,0.0,0.0
2014-08-17,81.0,68.0,0.27,0.0,0.0
2014-08-18,87.0,67.0,0.01,0.0,0.0
2014-08-19,81.0,65.0,0.0,0.0,0.0
2014-08-20,83.0,65.0,0.0,0.0,0.0
2014-08-21,85.0,70.0,0.07,0.0,0.0
2014-08-22,79.0,70.0,0.0,0.0,0.0
2014-08-23,77.0,69.0,0.0,0.0,0.0
2014-08-24,89.0,73.0,0.14,0.0,0.0
2014-08-25,79.0,64.0,0.0,0.0,0.0
2014-08-26,76.0,56.0,0.0,0.0,0.0
2014-08-27,78.0,59.0,0.0,0.0,0.0
2014-08-28,72.0,61.0,0.02,0.0,0.0
2014-08-29,80.0,66.0,0.68,0.0,0.0
2014-08-30,77.0,64.0,0.3,0.0,0.0
2014-08-31,85.0,62.0,0.47,0.0,0.0
2014-09-01,78.0,65.0,0.17,0.0,0.0
2014-09-02,78.0,62.0,0.0,0.0,0.0
2014-09-03,80.0,60.0,0.13,0.0,0.0
2014-09-04,86.0,66.0,0.0,0.0,0.0
2014-09-05,66.0,55.0,0.0,0.0,0.0
2014-09-06,77.0,52.0,0.0,0.0,0.0
2014-09-07,76.0,56.0,0.0,0.0,0.0
2014-09-08,75.0,58.0,0.0,0.0,0.0
2014-09-09,75.0,61.0,0.18,0.0,0.0
2014-09-10,68.0,47.0,0.03,0.0,0.0
2014-09-11,57.0,43.0,0.0,0.0,0.0
2014-09-12,56.0,43.0,0.0,0.0,0.0
2014-09-13,60.0,39.0,0.0,0.0,0.0
2014-09-14,65.0,50.0,0.0,0.0,0.0
2014-09-15,62.0,48.0,0.06,0.0,0.0
2014-09-16,68.0,43.0,0.0,0.0,0.0
2014-09-17,77.0,55.0,0.0,0.0,0.0
2014-09-18,75.0,48.0,0.0,0.0,0.0
2014-09-19,81.0,57.0,0.0,0.0,0.0
2014-09-20,77.0,57.0,0.24,0.0,0.0
2014-09-21,67.0,50.0,0.0,0.0,0.0
2014-09-22,72.0,48.0,0.0,0.0,0.0
2014-09-23,74.0,51.0,0.0,0.0,0.0
2014-09-24,65.0,58.0,0.04,0.0,0.0
2014-09-25,77.0,59.0,0.0,0.0,0.0
2014-09-26,82.0,58.0,0.0,0.0,0.0
2014-09-27,83.0,63.0,0.0,0.0,0.0
2014-09-28,82.0,59.0,0.0,0.0,0.0
2014-09-29,67.0,44.0,0.07,0.0,0.0
2014-09-30,59.0,42.0,0.0,0.0,0.0
2014-10-01,59.0,50.0,0.69,0.0,0.0
2014-10-02,60.0,47.0,0.78,0.0,0.0
2014-10-03,50.0,36.0,0.09,0.0,0.0
2014-10-04,51.0,37.0,0.03,0.0,0.0
2014-10-05,49.0,35.0,0.0,0.0,0.0
2014-10-06,63.0,36.0,0.0,0.0,0.0
2014-10-07,60.0,45.0,0.0,0.0,0.0
2014-10-08,59.0,39.0,0.0,0.0,0.0
2014-10-09,54.0,34.0,0.0,0.0,0.0
2014-10-10,53.0,34.0,0.0,0.0,0.0
2014-10-11,57.0,31.0,0.0,0.0,0.0
2014-10-12,61.0,42.0,0.0,0.0,0.0
2014-10-13,57.0,50.0,0.02,0.0,0.0
2014-10-14,65.0,47.0,0.0,0.0,0.0
2014-10-15,66.0,38.0,0.0,0.0,0.0
2014-10-16,72.0,41.0,0.0,0.0,0.0
2014-10-17,58.0,49.0,0.0,0.0,0.0
2014-10-18,54.0,39.0,0.0,0.0,0.0
2014-10-19,69.0,40.0,0.0,0.0,0.0
2014-10-20,64.0,42.0,0.0,0.0,0.0
2014-10-21,58.0,38.0,0.0,0.0,0.0
2014-10-22,60.0,39.0,0.0,0.0,0.0
2014-10-23,68.0,48.0,0.14,0.0,0.0
2014-10-24,67.0,46.0,0.0,0.0,0.0
2014-10-25,63.0,44.0,0.0,0.0,0.0
2014-10-26,64.0,36.0,0.0,0.0,0.0
2014-10-27,67.0,43.0,0.0,0.0,0.0
2014-10-28,49.0,40.0,0.0,0.0,0.0
2014-10-29,43.0,36.0,0.0,0.0,0.0
2014-10-30,49.0,31.0,0.0,0.0,0.0
2014-10-31,40.0,26.0,0.0,0.0,0.0
2014-11-01,42.0,23.0,0.0,0.0,0.0
2014-11-02,56.0,33.0,0.0,0.0,0.0
2014-11-03,55.0,41.0,0.0,0.0,0.0
2014-11-04,53.0,37.0,0.0,0.0,0.0
2014-11-05,45.0,34.0,0.04,0.0,0.0
2014-11-06,44.0,30.0,0.0,0.0,0.0
2014-11-07,48.0,29.0,0.01,0.0,0.0
2014-11-08,43.0,34.0,0.0,0.0,0.0
2014-11-09,39.0,31.0,0.0,0.0,0.0
2014-11-10,31.0,24.0,0.28,2.6,1.0
2014-11-11,26.0,18.0,0.04,0.8,3.0
2014-11-12,23.0,15.0,0.0,0.0,3.0
2014-11-13,24.0,17.0,0.0,0.0,3.0
2014-11-14,22.0,8.0,0.0,0.0,3.0
2014-11-15,22.0,6.0,0.16,1.3,3.0
2014-11-16,22.0,7.0,0.01,0.3,4.0
2014-11-17,15.0,6.0,0.0,0.0,4.0
2014-11-18,18.0,8.0,0.0,0.0,4.0
2014-11-19,23.0,16.0,0.02,0.5,4.0
2014-11-20,18.0,7.0,0.0,0.0,4.0
2014-11-21,34.0,3.0,0.0,0.0,4.0
2014-11-22,39.0,34.0,0.0,0.0,3.0
2014-11-23,51.0,32.0,0.03,0.0,0.0
2014-11-24,32.0,15.0,0.01,0.5,0.0
2014-11-25,24.0,10.0,0.0,0.0,0.0
2014-11-26,26.0,10.0,0.17,2.2,0.0
2014-11-27,10.0,-4.0,0.02,0.3,2.0
2014-11-28,24.0,6.0,0.08,0.9,3.0
2014-11-29,38.0,21.0,0.0,0.0,3.0
2014-11-30,24.0,4.0,0.0,0.0,2.0
2014-12-01,6.0,-3.0,0.0,0.0,2.0
2014-12-02,22.0,2.0,0.0,0.0,2.0
2014-12-03,23.0,11.0,0.0,0.0,2.0
2014-12-04,32.0,14.0,0.0,0.0,2.0
2014-12-05,32.0,25.0,0.0,0.0,2.0
2014-12-06,32.0,17.0,0.0,0.0,1.0
2014-12-07,35.0,22.0,0.01,0.1,1.0
2014-12-08,35.0,21.0,0.0,0.0,1.0
2014-12-09,23.0,15.0,0.0,0.0,1.0
2014-12-10,29.0,21.0,0.0,0.0,1.0
2014-12-11,32.0,27.0,0.0,0.0,1.0
2014-12-12,37.0,32.0,0.0,0.0,1.0
2014-12-13,51.0,33.0,0.01,0.0,0.0
2014-12-14,50.0,43.0,0.01,0.0,0.0
2014-12-15,51.0,30.0,0.19,0.0,0.0
2014-12-16,30.0,17.0,0.04,0.8,1.0
2014-12-17,20.0,9.0,0.0,0.0,1.0
2014-12-18,22.0,11.0,0.02,0.4,1.0
2014-12-19,30.0,20.0,0.0,0.0,1.0
2014-12-20,32.0,29.0,0.0,0.0,1.0
2014-12-21,39.0,31.0,0.19,0.1,1.0
2014-12-22,38.0,35.0,0.12,0.0,0.0
2014-12-23,36.0,34.0,0.0,0.0,0.0
2014-12-24,36.0,31.0,0.0,0.0,0.0
2014-12-25,35.0,30.0,0.0,0.0,0.0
2014-12-26,32.0,28.0,0.05,0.8,0.0
2014-12-27,28.0,11.0,0.22,3.4,4.0
2014-12-28,24.0,7.0,0.0,0.0,4.0
2014-12-29,10.0,-3.0,0.0,0.0,4.0
2014-12-30,4.0,-7.0,0.0,0.0,3.0
2014-12-31,13.0,-7.0,0.0,0.0,3.0
2015-01-01,30.0,11.0,0.0,0.0,3.0
2015-01-02,28.0,6.0,0.0,0.0,3.0
2015-01-03,33.0,12.0,0.0,0.1,3.0
2015-01-04,12.0,-7.0,0.0,0.0,3.0
2015-01-05,1.0,-11.0,0.06,0.5,3.0
2015-01-06,8.0,-5.0,0.0,0.0,3.0
2015-01-07,-1.0,-9.0,0.0,0.0,3.0
2015-01-08,16.0,-6.0,0.15,3.0,3.0
2015-01-09,6.0,-4.0,0.0,0.0,5.0
2015-01-10,19.0,-4.0,0.0,0.0,4.0
2015-01-11,14.0,3.0,0.0,0.1,4.0
2015-01-12,5.0,-5.0,0.0,0.0,4.0
2015-01-13,15.0,-10.0,0.02,0.4,4.0
2015-01-14,24.0,15.0,0.01,0.2,4.0
2015-01-15,35.0,19.0,0.0,0.0,4.0
2015-01-16,30.0,27.0,0.0,0.0,4.0
2015-01-17,38.0,26.0,0.0,0.0,3.0
2015-01-18,39.0,25.0,0.0,0.0,3.0
2015-01-19,37.0,22.0,0.01,0.1,2.0
2015-01-20,32.0,28.0,0.05,0.8,2.0
2015-01-21,30.0,26.0,0.01,0.1,2.0
2015-01-22,30.0,18.0,0.0,0.0,2.0
2015-01-23,39.0,29.0,0.0,0.0,2.0
2015-01-24,42.0,29.0,0.0,0.0,2.0
2015-01-25,35.0,20.0,0.03,0.1,1.0
2015-01-26,45.0,22.0,0.0,0.0,1.0
2015-01-27,36.0,30.0,0.0,0.0,0.0
2015-01-28,31.0,28.0,0.0,0.0,0.0
2015-01-29,34.0,15.0,0.0,0.0,0.0
2015-01-30,27.0,11.0,0.0,0.0,0.0
2015-01-31,28.0,19.0,0.0,0.0,0.0
2015-02-01,21.0,5.0,0.02,0.5,0.0
2015-02-02,16.0,0.0,0.0,0.0,0.0
2015-02-03,16.0,6.0,0.06,1.5,0.0
2015-02-04,15.0,-1.0,0.01,0.4,2.0
2015-02-05,19.0,-7.0,0.0,0.0,2.0
2015-02-06,30.0,13.0,0.0,0.0,1.0
2015-02-07,36.0,20.0,0.0,0.0,1.0
2015-02-08,32.0,23.0,0.0,0.0,0.0
2015-02-09,33.0,20.0,0.0,0.0,0.0
2015-02-10,29.0,22.0,0.13,0.8,0.0
2015-02-11,30.0,2.0,0.01,0.1,1.0
2015-02-12,10.0,-3.0,0.0,0.0,1.0
2015-02-13,30.0,6.0,0.0,0.0,1.0
2015-02-14,12.0,-3.0,0.0,0.0,1.0
2015-02-15,9.0,0.0,0.0,0.0,1.0
2015-02-16,20.0,8.0,0.01,0.4,1.0
2015-02-17,10.0,-2.0,0.0,0.0,1.0
2015-02-18,2.0,-9.0,0.0,0.0,1.0
2015-02-19,9.0,-11.0,0.0,0.0,1.0
2015-02-20,25.0,5.0,0.07,0.8,1.0
2015-02-21,24.0,0.0,0.01,0.1,1.0
2015-02-22,0.0,-9.0,0.0,0.0,1.0
2015-02-23,23.0,-11.0,0.0,0.0,1.0
2015-02-24,32.0,13.0,0.01,0.1,1.0
2015-02-25,16.0,5.0,0.02,0.2,1.0
2015-02-26,11.0,-3.0,0.0,0.0,1.0
2015-02-27,15.0,-6.0,0.0,0.0,0.0
2015-02-28,20.0,-3.0,0.0,0.0,0.0
2015-03-01,28.0,14.0,0.0,0.0,0.0
2015-03-02,26.0,9.0,0.0,0.0,0.0
2015-03-03,29.0,6.0,0.13,1.9,0.0
2015-03-04,12.0,-2.0,0.0,0.0,2.0
2015-03-05,15.0,-7.0,0.0,0.0,2.0
2015-03-06,39.0,7.0,0.0,0.0,2.0
2015-03-07,44.0,28.0,0.0,0.0,0.0
2015-03-08,48.0,31.0,0.0,0.0,0.0
2015-03-09,57.0,32.0,0.0,0.0,0.0
2015-03-10,66.0,37.0,0.0,0.0,0.0
2015-03-11,58.0,29.0,0.0,0.0,0.0
2015-03-12,62.0,37.0,0.0,0.0,0.0
2015-03-13,62.0,39.0,0.0,0.0,0.0
2015-03-14,61.0,33.0,0.0,0.0,0.0
2015-03-15,70.0,38.0,0.0,0.0,0.0
2015-03-16,62.0,36.0,0.0,0.0,0.0
2015-03-17,45.0,26.0,0.0,0.0,0.0
2015-03-18,46.0,30.0,0.0,0.0,0.0
2015-03-19,50.0,35.0,0.0,0.0,0.0
2015-03-20,56.0,32.0,0.0,0.0,0.0
2015-03-21,38.0,26.0,0.0,0.0,0.0
2015-03-22,35.0,29.0,0.2,3.1,0.0
2015-03-23,32.0,30.0,0.03,0.5,4.0
2015-03-24,38.0,25.0,0.12,1.2,2.0
2015-03-25,38.0,31.0,0.0,0.1,1.0
2015-03-26,36.0,25.0,0.0,0.0,0.0
2015-03-27,36.0,17.0,0.0,0.0,0.0
2015-03-28,41.0,20.0,0.0,0.0,0.0
2015-03-29,53.0,34.0,0.19,0.0,0.0
2015-03-30,57.0,36.0,0.0,0.0,0.0
2015-03-31,65.0,32.0,0.0,0.0,0.0
2015-04-01,84.0,43.0,0.26,0.0,0.0
2015-04-02,65.0,34.0,0.0,0.0,0.0
2015-04-03,43.0,27.0,0.0,0.0,0.0
2015-04-04,52.0,32.0,0.0,0.0,0.0
2015-04-05,53.0,36.0,0.0,0.0,0.0
2015-04-06,43.0,38.0,0.18,0.0,0.0
2015-04-07,43.0,37.0,0.01,0.0,0.0
2015-04-08,48.0,37.0,0.0,0.0,0.0
2015-04-09,41.0,33.0,0.63,0.1,0.0
2015-04-10,56.0,32.0,0.08,0.2,0.0
2015-04-11,68.0,38.0,0.0,0.0,0.0
2015-04-12,75.0,51.0,0.65,0.0,0.0
2015-04-13,64.0,46.0,0.01,0.0,0.0
2015-04-14,72.0,38.0,0.0,0.0,0.0
2015-04-15,70.0,45.0,0.0,0.0,0.0
2015-04-16,73.0,52.0,0.0,0.0,0.0
2015-04-17,75.0,50.0,0.0,0.0,0.0
2015-04-18,73.0,47.0,0.07,0.0,0.0
2015-04-19,60.0,45.0,0.14,0.0,0.0
2015-04-20,45.0,36.0,0.02,0.0,0.0
2015-04-21,41.0,34.0,0.03,0.0,0.0
2015-04-22,49.0,32.0,0.0,0.0,0.0
2015-04-23,55.0,29.0,0.0,0.0,0.0
2015-04-24,52.0,42.0,0.34,0.0,0.0
2015-04-25,62.0,43.0,0.0,0.0,0.0
2015-04-26,64.0,36.0,0.0,0.0,0.0
2015-04-27,69.0,39.0,0.0,0.0,0.0
2015-04-28,65.0,44.0,0.0,0.0,0.0
2015-04-29,68.0,44.0,0.0,0.0,0.0
2015-04-30,68.0,47.0,0.0,0.0,0.0
2015-05-01,66.0,49.0,0.01,0.0,0.0
2015-05-02,80.0,52.0,0.0,0.0,0.0
2015-05-03,83.0,56.0,0.05,0.0,0.0
2015-05-04,72.0,50.0,0.0,0.0,0.0
2015-05-05,70.0,51.0,0.02,0.0,0.0
2015-05-06,77.0,56.0,0.0,0.0,0.0
2015-05-07,76.0,62.0,0.35,0.0,0.0
2015-05-08,62.0,49.0,0.02,0.0,0.0
2015-05-09,69.0,44.0,0.0,0.0,0.0
2015-05-10,60.0,48.0,0.72,0.0,0.0
2015-05-11,55.0,44.0,0.07,0.0,0.0
2015-05-12,58.0,39.0,0.02,0.0,0.0
2015-05-13,67.0,43.0,0.0,0.0,0.0
2015-05-14,57.0,51.0,0.34,0.0,0.0
2015-05-15,67.0,53.0,0.0,0.0,0.0
2015-05-16,76.0,58.0,0.06,0.0,0.0
2015-05-17,74.0,48.0,0.08,0.0,0.0
2015-05-18,48.0,40.0,0.0,0.0,0.0
2015-05-19,57.0,37.0,0.0,0.0,0.0
2015-05-20,62.0,41.0,0.0,0.0,0.0
2015-05-21,74.0,45.0,0.0,0.0,0.0
2015-05-22,75.0,46.0,0.0,0.0,0.0
2015-05-23,73.0,51.0,0.0,0.0,0.0
2015-05-24,64.0,58.0,0.52,0.0,0.0
2015-05-25,73.0,57.0,0.16,0.0,0.0
2015-05-26,63.0,57.0,0.59,0.0,0.0
2015-05-27,84.0,55.0,0.0,0.0,0.0
2015-05-28,84.0,62.0,0.0,0.0,0.0
2015-05-29,72.0,54.0,0.54,0.0,0.0
2015-05-30,64.0,47.0,0.0,0.0,0.0
2015-05-31,63.0,44.0,0.0,0.0,0.0
2015-06-01,69.0,52.0,0.0,0.0,0.0
2015-06-02,76.0,54.0,0.0,0.0,0.0
2015-06-03,67.0,62.0,0.75,0.0,0.0
2015-06-04,75.0,62.0,0.0,0.0,0.0
2015-06-05,75.0,61.0,0.0,0.0,0.0
2015-06-06,79.0,59.0,0.69,0.0,0.0
2015-06-07,83.0,66.0,0.06,0.0,0.0
2015-06-08,81.0,61.0,0.0,0.0,0.0
2015-06-09,92.0,63.0,0.0,0.0,0.0
2015-06-10,79.0,62.0,0.0,0.0,0.0
2015-06-11,67.0,58.0,0.3,0.0,0.0
2015-06-12,79.0,53.0,0.0,0.0,0.0
2015-06-13,71.0,60.0,0.07,0.0,0.0
2015-06-14,85.0,62.0,0.0,0.0,0.0
2015-06-15,78.0,64.0,0.0,0.0,0.0
2015-06-16,72.0,55.0,0.0,0.0,0.0
2015-06-17,79.0,60.0,0.87,0.0,0.0
2015-06-18,79.0,61.0,0.0,0.0,0.0
2015-06-19,79.0,59.0,0.0,0.0,0.0
2015-06-20,82.0,63.0,0.43,0.0,0.0
2015-06-21,86.0,62.0,0.0,0.0,0.0
2015-06-22,82.0,64.0,0.95,0.0,0.0
2015-06-23,79.0,60.0,0.0,0.0,0.0
2015-06-24,78.0,62.0,0.0,0.0,0.0
2015-06-25,82.0,63.0,0.0,0.0,0.0
2015-06-26,81.0,63.0,0.06,0.0,0.0
2015-06-27,83.0,60.0,0.02,0.0,0.0
2015-06-28,82.0,64.0,0.09,0.0,0.0
2015-06-29,83.0,65.0,0.11,0.0,0.0
2015-06-30,77.0,62.0,0.0,0.0,0.0
2015-07-01,73.0,59.0,0.0,0.0,0.0
2015-07-02,77.0,56.0,0.0,0.0,0.0
2015-07-03,80.0,60.0,0.0,0.0,0.0
2015-07-04,85.0,65.0,0.0,0.0,0.0
2015-07-05,88.0,66.0,0.04,0.0,0.0
2015-07-06,76.0,58.0,2.83,0.0,0.0
2015-07-07,72.0,54.0,0.0,0.0,0.0
2015-07-08,73.0,57.0,0.0,0.0,0.0
2015-07-09,81.0,60.0,0.0,0.0,0.0
2015-07-10,85.0,65.0,0.0,0.0,0.0
2015-07-11,82.0,67.0,0.0,0.0,0.0
2015-07-12,89.0,65.0,1.89,0.0,0.0
2015-07-13,87.0,66.0,0.0,0.0,0.0
2015-07-14,84.0,67.0,0.0,0.0,0.0
2015-07-15,81.0,63.0,0.01,0.0,0.0
2015-07-16,72.0,66.0,0.16,0.0,0.0
2015-07-17,90.0,65.0,0.62,0.0,0.0
2015-07-18,88.0,68.0,0.25,0.0,0.0
2015-07-19,84.0,64.0,0.0,0.0,0.0
2015-07-20,81.0,64.0,0.0,0.0,0.0
2015-07-21,81.0,61.0,0.0,0.0,0.0
2015-07-22,82.0,66.0,0.0,0.0,0.0
2015-07-23,84.0,67.0,0.0,0.0,0.0
2015-07-24,88.0,68.0,0.23,0.0,0.0
2015-07-25,86.0,69.0,0.0,0.0,0.0
2015-07-26,87.0,72.0,0.0,0.0,0.0
2015-07-27,86.0,71.0,0.0,0.0,0.0
2015-07-28,84.0,70.0,1.29,0.0,0.0
2015-07-29,82.0,66.0,0.0,0.0,0.0
2015-07-30,85.0,63.0,0.0,0.0,0.0
2015-07-31,82.0,65.0,0.0,0.0,0.0
2015-08-01,86.0,66.0,0.0,0.0,0.0
2015-08-02,84.0,66.0,0.0,0.0,0.0
2015-08-03,80.0,60.0,0.0,0.0,0.0
2015-08-04,82.0,58.0,0.0,0.0,0.0
2015-08-05,82.0,61.0,0.0,0.0,0.0
2015-08-06,74.0,64.0,0.24,0.0,0.0
2015-08-07,84.0,69.0,0.43,0.0,0.0
2015-08-08,80.0,67.0,0.01,0.0,0.0
2015-08-09,82.0,69.0,0.06,0.0,0.0
2015-08-10,82.0,66.0,0.0,0.0,0.0
2015-08-11,82.0,62.0,0.0,0.0,0.0
2015-08-12,85.0,64.0,0.0,0.0,0.0
2015-08-13,85.0,71.0,0.05,0.0,0.0
2015-08-14,94.0,71.0,0.0,0.0,0.0
2015-08-15,91.0,73.0,0.0,0.0,0.0
2015-08-16,82.0,69.0,0.51,0.0,0.0
2015-08-17,74.0,63.0,0.08,0.0,0.0
2015-08-18,67.0,63.0,0.92,0.0,0.0
2015-08-19,65.0,56.0,0.1,0.0,0.0
2015-08-20,74.0,53.0,0.0,0.0,0.0
2015-08-21,81.0,59.0,0.0,0.0,0.0
2015-08-22,82.0,63.0,0.59,0.0,0.0
2015-08-23,70.0,57.0,0.0,0.0,0.0
2015-08-24,67.0,54.0,0.0,0.0,0.0
2015-08-25,74.0,53.0,0.0,0.0,0.0
2015-08-26,75.0,51.0,0.0,0.0,0.0
2015-08-27,76.0,59.0,0.0,0.0,0.0
2015-08-28,76.0,59.0,0.0,0.0,0.0
2015-08-29,74.0,56.0,0.0,0.0,0.0
2015-08-30,81.0,62.0,0.0,0.0,0.0
2015-08-31,86.0,63.0,0.0,0.0,0.0
2015-09-01,86.0,69.0,0.0,0.0,0.0
2015-09-02,78.0,69.0,0.23,0.0,0.0
2015-09-03,84.0,67.0,0.0,0.0,0.0
2015-09-04,89.0,71.0,0.0,0.0,0.0
2015-09-05,89.0,75.0,0.01,0.0,0.0
2015-09-06,83.0,70.0,0.73,0.0,0.0
2015-09-07,82.0,67.0,0.0,0.0,0.0
2015-09-08,78.0,60.0,0.13,0.0,0.0
2015-09-09,71.0,56.0,0.28,0.0,0.0
2015-09-10,71.0,54.0,0.02,0.0,0.0
2015-09-11,64.0,48.0,0.0,0.0,0.0
2015-09-12,69.0,47.0,0.0,0.0,0.0
2015-09-13,75.0,52.0,0.0,0.0,0.0
2015-09-14,83.0,58.0,0.01,0.0,0.0
2015-09-15,87.0,66.0,0.0,0.0,0.0
2015-09-16,84.0,65.0,0.08,0.0,0.0
2015-09-17,78.0,60.0,2.37,0.0,0.0
2015-09-18,61.0,53.0,0.37,0.0,0.0
2015-09-19,69.0,48.0,0.0,0.0,0.0
2015-09-20,72.0,50.0,0.11,0.0,0.0
2015-09-21,81.0,55.0,0.0,0.0,0.0
2015-09-22,74.0,64.0,0.0,0.0,0.0
2015-09-23,76.0,62.0,0.06,0.0,0.0
2015-09-24,67.0,64.0,0.25,0.0,0.0
2015-09-25,78.0,61.0,0.0,0.0,0.0
2015-09-26,78.0,58.0,0.0,0.0,0.0
2015-09-27,82.0,59.0,0.0,0.0,0.0
2015-09-28,77.0,61.0,0.0,0.0,0.0
2015-09-29,63.0,48.0,0.0,0.0,0.0
2015-09-30,63.0,43.0,0.0,0.0,0.0
2015-10-01,63.0,45.0,0.0,0.0,0.0
2015-10-02,62.0,41.0,0.0,0.0,0.0
2015-10-03,60.0,42.0,0.0,0.0,0.0
2015-10-04,58.0,42.0,0.0,0.0,0.0
2015-10-05,62.0,45.0,0.0,0.0,0.0
2015-10-06,69.0,52.0,0.0,0.0,0.0
2015-10-07,63.0,43.0,0.0,0.0,0.0
2015-10-08,66.0,52.0,0.33,0.0,0.0
2015-10-09,56.0,43.0,0.0,0.0,0.0
2015-10-10,74.0,42.0,0.0,0.0,0.0
2015-10-11,85.0,58.0,0.0,0.0,0.0
2015-10-12,66.0,46.0,0.0,0.0,0.0
2015-10-13,60.0,43.0,0.0,0.0,0.0
2015-10-14,68.0,39.0,0.0,0.0,0.0
2015-10-15,61.0,42.0,0.0,0.0,0.0
2015-10-16,48.0,33.0,0.0,0.0,0.0
2015-10-17,56.0,31.0,0.0,0.0,0.0
2015-10-18,63.0,35.0,0.0,0.0,0.0
2015-10-19,76.0,51.0,0.0,0.0,0.0
2015-10-20,69.0,50.0,0.0,0.0,0.0
2015-10-21,63.0,44.0,0.0,0.0,0.0
2015-10-22,63.0,40.0,0.0,0.0,0.0
2015-10-23,54.0,49.0,0.94,0.0,0.0
2015-10-24,57.0,42.0,0.24,0.0,0.0
2015-10-25,56.0,38.0,0.01,0.0,0.0
2015-10-26,59.0,48.0,0.01,0.0,0.0
2015-10-27,55.0,47.0,0.35,0.0,0.0
2015-10-28,47.0,34.0,0.38,0.0,0.0
2015-10-29,49.0,35.0,0.01,0.0,0.0
2015-10-30,53.0,40.0,0.01,0.0,0.0
2015-10-31,51.0,44.0,0.33,0.0,0.0
2015-11-01,56.0,40.0,0.0,0.0,0.0
2015-11-02,70.0,45.0,0.0,0.0,0.0
2015-11-03,71.0,45.0,0.0,0.0,0.0
2015-11-04,62.0,52.0,0.0,0.0,0.0
2015-11-05,65.0,42.0,0.01,0.0,0.0
2015-11-06,47.0,39.0,0.0,0.0,0.0
2015-11-07,50.0,33.0,0.0,0.0,0.0
2015-11-08,59.0,43.0,0.0,0.0,0.0
2015-11-09,62.0,44.0,0.0,0.0,0.0
2015-11-10,61.0,38.0,0.0,0.0,0.0
2015-11-11,53.0,42.0,1.73,0.0,0.0
2015-11-12,45.0,37.0,0.37,0.0,0.0
2015-11-13,45.0,31.0,0.0,0.0,0.0
2015-11-14,57.0,32.0,0.0,0.0,0.0
2015-11-15,62.0,38.0,0.0,0.0,0.0
2015-11-16,53.0,47.0,0.17,0.0,0.0
2015-11-17,55.0,49.0,1.21,0.0,0.0
2015-11-18,59.0,37.0,0.5,0.0,0.0
2015-11-19,37.0,30.0,0.0,0.0,0.0
2015-11-20,31.0,25.0,0.0,0.0,0.0
2015-11-21,28.0,15.0,0.0,0.0,0.0
2015-11-22,34.0,17.0,0.0,0.0,0.0
2015-11-23,46.0,25.0,0.0,0.0,0.0
2015-11-24,46.0,28.0,0.0,0.0,0.0
2015-11-25,51.0,33.0,0.0,0.0,0.0
2015-11-26,40.0,24.0,0.12,1.3,0.0
2015-11-27,27.0,18.0,0.0,0.0,1.0
2015-11-28,30.0,14.0,0.0,0.0,1.0
2015-11-29,34.0,19.0,0.0,0.0,1.0
2015-11-30,35.0,28.0,0.41,3.8,3.0
2015-12-01,34.0,26.0,0.09,0.1,4.0
2015-12-02,36.0,28.0,0.0,0.0,3.0
2015-12-03,35.0,22.0,0.0,0.0,2.0
2015-12-04,47.0,22.0,0.0,0.0,2.0
2015-12-05,44.0,38.0,0.0,0.0,1.0
2015-12-06,40.0,32.0,0.0,0.0,0.0
2015-12-07,46.0,31.0,0.0,0.0,0.0
2015-12-08,42.0,29.0,0.08,0.0,0.0
2015-12-09,47.0,30.0,0.0,0.0,0.0
2015-12-10,47.0,37.0,0.16,0.0,0.0
2015-12-11,39.0,36.0,0.0,0.0,0.0
2015-12-12,41.0,35.0,0.0,0.0,0.0
2015-12-13,40.0,38.0,0.12,0.0,0.0
2015-12-14,39.0,32.0,0.63,0.0,0.0
2015-12-15,35.0,31.0,0.01,0.0,0.0
2015-12-16,41.0,24.0,0.37,0.7,1.0
2015-12-17,29.0,17.0,0.0,0.0,0.0
2015-12-18,22.0,9.0,0.0,0.0,0.0
2015-12-19,28.0,8.0,0.0,0.0,0.0
2015-12-20,41.0,27.0,0.0,0.0,0.0
2015-12-21,33.0,30.0,0.02,0.3,0.0
2015-12-22,35.0,30.0,0.0,0.0,0.0
2015-12-23,36.0,27.0,0.38,0.5,0.0
2015-12-24,27.0,23.0,0.0,0.0,1.0
2015-12-25,30.0,25.0,0.0,0.0,0.0
2015-12-26,32.0,28.0,0.09,2.3,2.0
2015-12-27,28.0,12.0,0.0,0.0,2.0
2015-12-28,23.0,12.0,0.21,3.4,2.0
2015-12-29,27.0,20.0,0.15,2.1,4.0
2015-12-30,25.0,16.0,0.0,0.0,5.0
2015-12-31,20.0,7.0,0.01,0.1,5.0
2016-01-01,30.0,15.0,0.0,0.0,4.0
2016-01-02,31.0,14.0,0.0,0.0,4.0
2016-01-03,29.0,20.0,0.0,0.0,4.0
2016-01-04,26.0,10.0,0.0,0.0,4.0
2016-01-05,32.0,20.0,0.0,0.0,4.0
2016-01-06,33.0,23.0,0.05,0.4,4.0
2016-01-07,34.0,31.0,0.04,0.4,4.0
2016-01-08,34.0,22.0,0.08,1.2,5.0
2016-01-09,22.0,-6.0,0.0,0.0,5.0
2016-01-10,-1.0,-10.0,0.0,0.0,5.0
2016-01-11,6.0,-9.0,0.02,0.5,5.0
2016-01-12,3.0,-7.0,0.0,0.0,5.0
2016-01-13,23.0,-7.0,0.01,0.1,5.0
2016-01-14,26.0,16.0,0.0,0.0,5.0
2016-01-15,23.0,12.0,0.0,0.0,5.0
2016-01-16,13.0,-9.0,0.0,0.0,5.0
2016-01-17,-3.0,-14.0,0.0,0.0,5.0
2016-01-18,2.0,-13.0,0.0,0.0,5.0
2016-01-19,7.0,-7.0,0.0,0.0,5.0
2016-01-20,22.0,7.0,0.02,0.6,5.0
2016-01-21,24.0,20.0,0.0,0.0,5.0
2016-01-22,25.0,17.0,0.0,0.0,5.0
2016-01-23,23.0,18.0,0.0,0.0,5.0
2016-01-24,30.0,23.0,0.01,0.1,5.0
2016-01-25,30.0,27.0,0.05,0.6,5.0
2016-01-26,28.0,20.0,0.01,0.2,6.0
2016-01-27,40.0,15.0,0.0,0.0,5.0
2016-01-28,37.0,19.0,0.0,0.0,3.0
2016-01-29,34.0,18.0,0.01,0.0,3.0
2016-01-30,43.0,30.0,0.01,0.0,2.0
2016-01-31,41.0,27.0,0.0,0.0,1.0
2016-02-01,36.0,22.0,0.0,0.0,1.0
2016-02-02,30.0,24.0,0.51,8.8,1.0
2016-02-03,24.0,11.0,0.04,0.6,8.0
2016-02-04,27.0,8.0,0.03,0.3,7.0
2016-02-05,29.0,6.0,0.0,0.0,7.0
2016-02-06,36.0,25.0,0.0,0.0,6.0
2016-02-07,40.0,16.0,0.02,0.4,5.0
2016-02-08,17.0,11.0,0.0,0.0,2.0
2016-02-09,17.0,5.0,0.0,0.0,2.0
2016-02-10,13.0,3.0,0.0,0.0,2.0
2016-02-11,17.0,2.0,0.01,0.9,2.0
2016-02-12,15.0,0.0,0.0,0.0,2.0
2016-02-13,10.0,-6.0,0.0,0.0,2.0
2016-02-14,19.0,7.0,0.04,0.7,2.0
2016-02-15,32.0,18.0,0.0,0.0,3.0
2016-02-16,35.0,21.0,0.0,0.0,2.0
2016-02-17,29.0,14.0,0.0,0.0,2.0
2016-02-18,41.0,25.0,0.0,0.0,2.0
2016-02-19,45.0,35.0,0.37,0.0,1.0
2016-02-20,43.0,30.0,0.0,0.0,0.0
2016-02-21,37.0,26.0,0.0,0.0,0.0
2016-02-22,35.0,27.0,0.0,0.0,0.0
2016-02-23,40.0,33.0,0.04,0.3,0.0
2016-02-24,38.0,30.0,0.0,0.0,0.0
2016-02-25,35.0,26.0,0.0,0.0,0.0
2016-02-26,42.0,24.0,0.0,0.0,0.0
2016-02-27,58.0,34.0,0.0,0.0,0.0
2016-02-28,43.0,28.0,0.03,0.1,0.0
2016-02-29,39.0,19.0,0.0,0.0,0.0
2016-03-01,27.0,14.0,0.0,0.0,0.0
2016-03-02,32.0,13.0,0.0,0.0,0.0
2016-03-03,35.0,26.0,0.0,0.0,0.0
2016-03-04,37.0,29.0,0.05,0.4,0.0
2016-03-05,39.0,29.0,0.0,0.0,0.0
2016-03-06,60.0,29.0,0.0,0.0,0.0
2016-03-07,64.0,42.0,0.0,0.0,0.0
2016-03-08,70.0,40.0,0.0,0.0,0.0
2016-03-09,42.0,35.0,0.0,0.0,0.0
2016-03-10,49.0,33.0,0.0,0.0,0.0
2016-03-11,66.0,28.0,0.0,0.0,0.0
2016-03-12,70.0,49.0,0.0,0.0,0.0
2016-03-13,54.0,47.0,0.0,0.0,0.0
2016-03-14,58.0,48.0,0.01,0.0,0.0
2016-03-15,55.0,45.0,0.85,0.0,0.0
2016-03-16,49.0,40.0,0.05,0.0,0.0
2016-03-17,42.0,32.0,0.01,0.0,0.0
2016-03-18,37.0,30.0,0.0,0.0,0.0
2016-03-19,43.0,27.0,0.07,1.3,1.0
2016-03-20,43.0,26.0,0.0,0.0,0.0
2016-03-21,53.0,28.0,0.0,0.0,0.0
2016-03-22,55.0,33.0,0.0,0.0,0.0
2016-03-23,36.0,29.0,0.31,3.7,0.0
2016-03-24,47.0,28.0,0.0,0.0,3.0
2016-03-25,48.0,27.0,0.0,0.0,0.0
2016-03-26,51.0,39.0,0.12,0.0,0.0
2016-03-27,43.0,31.0,0.07,0.0,0.0
2016-03-28,59.0,28.0,0.0,0.0,0.0
2016-03-29,64.0,40.0,0.19,0.0,0.0
2016-03-30,48.0,43.0,0.4,0.0,0.0
2016-03-31,54.0,40.0,0.13,0.0,0.0
2016-04-01,41.0,32.0,0.02,0.0,0.0
2016-04-02,36.0,26.0,0.0,0.0,0.0
2016-04-03,68.0,29.0,0.0,0.0,0.0
2016-04-04,42.0,28.0,0.0,0.0,0.0
2016-04-05,37.0,28.0,0.07,0.0,0.0
2016-04-06,44.0,32.0,0.0,0.0,0.0
2016-04-07,43.0,33.0,0.04,0.0,0.0
2016-04-08,37.0,24.0,0.02,0.5,0.0
2016-04-09,43.0,20.0,0.0,0.0,0.0
2016-04-10,59.0,35.0,0.0,0.0,0.0
2016-04-11,44.0,31.0,0.0,0.0,0.0
2016-04-12,49.0,27.0,0.0,0.0,0.0
2016-04-13,71.0,41.0,0.0,0.0,0.0
2016-04-14,76.0,49.0,0.0,0.0,0.0
2016-04-15,77.0,48.0,0.0,0.0,0.0
2016-04-16,80.0,57.0,0.0,0.0,0.0
2016-04-17,79.0,58.0,0.0,0.0,0.0
2016-04-18,79.0,51.0,0.19,0.0,0.0
2016-04-19,59.0,48.0,0.08,0.0,0.0
2016-04-20,67.0,52.0,0.25,0.0,0.0
2016-04-21,66.0,50.0,0.32,0.0,0.0
2016-04-22,59.0,43.0,0.0,0.0,0.0
2016-04-23,71.0,43.0,0.0,0.0,0.0
2016-04-24,62.0,52.0,0.39,0.0,0.0
2016-04-25,55.0,44.0,0.53,0.0,0.0
2016-04-26,49.0,42.0,0.0,0.0,0.0
2016-04-27,53.0,40.0,0.28,0.0,0.0
2016-04-28,43.0,37.0,0.65,0.0,0.0
2016-04-29,60.0,34.0,0.0,0.0,0.0
2016-04-30,58.0,42.0,0.0,0.0,0.0
2016-05-01,63.0,41.0,0.0,0.0,0.0
2016-05-02,67.0,39.0,0.0,0.0,0.0
2016-05-03,73.0,48.0,0.0,0.0,0.0
2016-05-04,66.0,45.0,0.0,0.0,0.0
2016-05-05,79.0,45.0,0.0,0.0,0.0
2016-05-06,92.0,60.0,0.0,0.0,0.0
2016-05-07,70.0,51.0,0.0,0.0,0.0
2016-05-08,73.0,46.0,0.0,0.0,0.0
2016-05-09,68.0,53.0,0.33,0.0,0.0
2016-05-10,58.0,48.0,0.59,0.0,0.0
2016-05-11,56.0,49.0,0.15,0.0,0.0
2016-05-12,58.0,48.0,0.0,0.0,0.0
2016-05-13,50.0,39.0,0.18,0.0,0.0
2016-05-14,52.0,34.0,0.0,0.0,0.0
2016-05-15,65.0,34.0,0.0,0.0,0.0
2016-05-16,66.0,49.0,0.0,0.0,0.0
2016-05-17,65.0,46.0,0.0,0.0,0.0
2016-05-18,70.0,43.0,0.0,0.0,0.0
2016-05-19,74.0,50.0,0.0,0.0,0.0
2016-05-20,76.0,54.0,0.0,0.0,0.0
2016-05-21,80.0,53.0,0.0,0.0,0.0
2016-05-22,84.0,53.0,0.0,0.0,0.0
2016-05-23,84.0,66.0,0.0,0.0,0.0
2016-05-24,86.0,66.0,0.0,0.0,0.0
2016-05-25,76.0,66.0,0.33,0.0,0.0
2016-05-26,81.0,61.0,0.27,0.0,0.0
2016-05-27,70.0,63.0,0.24,0.0,0.0
2016-05-28,68.0,61.0,0.31,0.0,0.0
2016-05-29,79.0,62.0,0.0,0.0,0.0
2016-05-30,84.0,60.0,0.0,0.0,0.0
2016-05-31,73.0,63.0,0.02,0.0,0.0
2016-06-01,67.0,59.0,0.0,0.0,0.0
2016-06-02,75.0,56.0,0.0,0.0,0.0
2016-06-03,70.0,61.0,0.21,0.0,0.0
2016-06-04,74.0,58.0,0.06,0.0,0.0
2016-06-05,83.0,55.0,0.0,0.0,0.0
2016-06-06,71.0,56.0,0.01,0.0,0.0
2016-06-07,72.0,50.0,0.0,0.0,0.0
2016-06-08,79.0,54.0,0.02,0.0,0.0
2016-06-09,84.0,62.0,0.54,0.0,0.0
2016-06-10,91.0,69.0,0.0,0.0,0.0
2016-06-11,93.0,71.0,0.0,0.0,0.0
2016-06-12,78.0,61.0,0.99,0.0,0.0
2016-06-13,78.0,64.0,0.4,0.0,0.0
2016-06-14,74.0,64.0,1.49,0.0,0.0
2016-06-15,77.0,64.0,0.0,0.0,0.0
2016-06-16,80.0,63.0,0.0,0.0,0.0
2016-06-17,86.0,66.0,0.0,0.0,0.0
2016-06-18,89.0,70.0,0.0,0.0,0.0
2016-06-19,93.0,71.0,0.2,0.0,0.0
2016-06-20,80.0,65.0,0.0,0.0,0.0
2016-06-21,83.0,60.0,0.0,0.0,0.0
2016-06-22,83.0,63.0,0.47,0.0,0.0
2016-06-23,77.0,58.0,0.0,0.0,0.0
2016-06-24,82.0,60.0,0.0,0.0,0.0
2016-06-25,96.0,72.0,0.0,0.0,0.0
2016-06-26,88.0,67.0,0.0,0.0,0.0
2016-06-27,76.0,64.0,0.0,0.0,0.0
2016-06-28,77.0,58.0,0.0,0.0,0.0
2016-06-29,81.0,60.0,0.0,0.0,0.0
2016-06-30,79.0,61.0,0.1,0.0,0.0
2016-07-01,75.0,52.0,0.0,0.0,0.0
2016-07-02,79.0,60.0,0.0,0.0,0.0
2016-07-03,80.0,62.0,0.0,0.0,0.0
2016-07-04,80.0,61.0,0.0,0.0,0.0
2016-07-05,90.0,66.0,1.21,0.0,0.0
2016-07-06,88.0,66.0,0.0,0.0,0.0
2016-07-07,85.0,69.0,0.07,0.0,0.0
2016-07-08,80.0,66.0,0.0,0.0,0.0
2016-07-09,82.0,63.0,0.0,0.0,0.0
2016-07-10,82.0,66.0,0.4,0.0,0.0
2016-07-11,90.0,72.0,0.0,0.0,0.0
2016-07-12,86.0,71.0,0.08,0.0,0.0
2016-07-13,85.0,70.0,0.0,0.0,0.0
2016-07-14,71.0,62.0,0.12,0.0,0.0
2016-07-15,79.0,61.0,0.05,0.0,0.0
2016-07-16,81.0,62.0,0.2,0.0,0.0
2016-07-17,84.0,66.0,0.1,0.0,0.0
2016-07-18,88.0,67.0,0.0,0.0,0.0
2016-07-19,87.0,68.0,0.0,0.0,0.0
2016-07-20,93.0,72.0,0.05,0.0,0.0
2016-07-21,95.0,71.0,0.16,0.0,0.0
2016-07-22,97.0,74.0,0.0,0.0,0.0
2016-07-23,82.0,71.0,2.17,0.0,0.0
2016-07-24,85.0,72.0,0.0,0.0,0.0
2016-07-25,87.0,67.0,0.0,0.0,0.0
2016-07-26,91.0,72.0,0.0,0.0,0.0
2016-07-27,80.0,68.0,0.48,0.0,0.0
2016-07-28,77.0,65.0,0.0,0.0,0.0
2016-07-29,79.0,61.0,0.0,0.0,0.0
2016-07-30,81.0,67.0,0.0,0.0,0.0
2016-07-31,84.0,67.0,0.0,0.0,0.0
2016-08-01,85.0,70.0,0.0,0.0,0.0
2016-08-02,88.0,73.0,0.0,0.0,0.0
2016-08-03,91.0,74.0,0.0,0.0,0.0
2016-08-04,85.0,70.0,1.13,0.0,0.0
2016-08-05,79.0,64.0,0.0,0.0,0.0
2016-08-06,82.0,62.0,0.0,0.0,0.0
2016-08-07,82.0,63.0,0.0,0.0,0.0
2016-08-08,83.0,65.0,0.0,0.0,0.0
2016-08-09,87.0,69.0,0.0,0.0,0.0
2016-08-10,91.0,69.0,1.53,0.0,0.0
2016-08-11,84.0,69.0,1.11,0.0,0.0
2016-08-12,82.0,68.0,0.33,0.0,0.0
2016-08-13,81.0,65.0,0.0,0.0,0.0
2016-08-14,83.0,63.0,0.0,0.0,0.0
2016-08-15,82.0,64.0,0.0,0.0,0.0
2016-08-16,86.0,67.0,0.2,0.0,0.0
2016-08-17,86.0,64.0,0.0,0.0,0.0
2016-08-18,85.0,68.0,0.0,0.0,0.0
2016-08-19,79.0,65.0,0.44,0.0,0.0
2016-08-20,68.0,58.0,0.38,0.0,0.0
2016-08-21,74.0,56.0,0.0,0.0,0.0
2016-08-22,83.0,59.0,0.0,0.0,0.0
2016-08-23,84.0,67.0,1.01,0.0,0.0
2016-08-24,82.0,66.0,0.07,0.0,0.0
2016-08-25,74.0,61.0,0.0,0.0,0.0
2016-08-26,72.0,57.0,0.0,0.0,0.0
2016-08-27,69.0,63.0,0.01,0.0,0.0
2016-08-28,85.0,61.0,0.0,0.0,0.0
2016-08-29,86.0,67.0,1.27,0.0,0.0
2016-08-30,81.0,64.0,0.34,0.0,0.0
2016-08-31,80.0,58.0,0.0,0.0,0.0
2016-09-01,77.0,60.0,0.0,0.0,0.0
2016-09-02,76.0,57.0,0.0,0.0,0.0
2016-09-03,76.0,59.0,0.0,0.0,0.0
2016-09-04,79.0,60.0,0.02,0.0,0.0
2016-09-05,81.0,67.0,0.51,0.0,0.0
2016-09-06,81.0,71.0,0.88,0.0,0.0
2016-09-07,77.0,68.0,0.02,0.0,0.0
2016-09-08,78.0,62.0,0.0,0.0,0.0
2016-09-09,74.0,62.0,0.23,0.0,0.0
2016-09-10,72.0,57.0,0.0,0.0,0.0
2016-09-11,80.0,57.0,0.0,0.0,0.0
2016-09-12,81.0,62.0,0.0,0.0,0.0
2016-09-13,66.0,56.0,0.0,0.0,0.0
2016-09-14,70.0,47.0,0.0,0.0,0.0
2016-09-15,76.0,57.0,0.85,0.0,0.0
2016-09-16,76.0,63.0,0.06,0.0,0.0
2016-09-17,72.0,59.0,0.0,0.0,0.0
2016-09-18,84.0,54.0,0.0,0.0,0.0
2016-09-19,79.0,61.0,0.01,0.0,0.0
2016-09-20,79.0,57.0,0.03,0.0,0.0
2016-09-21,73.0,65.0,1.88,0.0,0.0
2016-09-22,73.0,61.0,0.08,0.0,0.0
2016-09-23,71.0,60.0,0.63,0.0,0.0
2016-09-24,73.0,63.0,0.0,0.0,0.0
2016-09-25,69.0,55.0,0.23,0.0,0.0
2016-09-26,66.0,51.0,0.0,0.0,0.0
2016-09-27,60.0,49.0,0.04,0.0,0.0
2016-09-28,62.0,50.0,0.0,0.0,0.0
2016-09-29,68.0,46.0,0.0,0.0,0.0
2016-09-30,71.0,50.0,0.0,0.0,0.0
2016-10-01,74.0,52.0,0.0,0.0,0.0
2016-10-02,76.0,51.0,0.0,0.0,0.0
2016-10-03,76.0,53.0,0.0,0.0,0.0
2016-10-04,76.0,58.0,0.13,0.0,0.0
2016-10-05,65.0,56.0,0.6,0.0,0.0
2016-10-06,62.0,44.0,1.01,0.0,0.0
2016-10-07,49.0,38.0,0.04,0.0,0.0
2016-10-08,52.0,36.0,0.0,0.0,0.0
2016-10-09,60.0,36.0,0.0,0.0,0.0
2016-10-10,74.0,49.0,0.0,0.0,0.0
2016-10-11,72.0,49.0,0.0,0.0,0.0
2016-10-12,50.0,41.0,0.01,0.0,0.0
2016-10-13,54.0,37.0,0.0,0.0,0.0
2016-10-14,63.0,43.0,0.0,0.0,0.0
2016-10-15,69.0,51.0,0.0,0.0,0.0
2016-10-16,69.0,44.0,0.01,0.0,0.0
2016-10-17,72.0,54.0,0.65,0.0,0.0
2016-10-18,66.0,51.0,0.01,0.0,0.0
2016-10-19,56.0,43.0,0.0,0.0,0.0
2016-10-20,52.0,38.0,0.0,0.0,0.0
2016-10-21,54.0,39.0,0.0,0.0,0.0
2016-10-22,64.0,39.0,0.0,0.0,0.0
2016-10-23,56.0,44.0,0.0,0.0,0.0
2016-10-24,56.0,36.0,0.0,0.0,0.0
2016-10-25,52.0,42.0,0.56,0.0,0.0
2016-10-26,46.0,43.0,0.33,0.0,0.0
2016-10-27,49.0,42.0,0.0,0.0,0.0
2016-10-28,72.0,46.0,0.0,0.0,0.0
2016-10-29,56.0,46.0,0.06,0.0,0.0
2016-10-30,46.0,42.0,0.0,0.0,0.0
2016-10-31,58.0,42.0,0.0,0.0,0.0
2016-11-01,63.0,45.0,0.0,0.0,0.0
2016-11-02,62.0,40.0,0.0,0.0,0.0
2016-11-03,65.0,42.0,0.0,0.0,0.0
2016-11-04,68.0,41.0,0.0,0.0,0.0
2016-11-05,73.0,43.0,0.0,0.0,0.0
2016-11-06,70.0,46.0,0.0,0.0,0.0
2016-11-07,65.0,47.0,0.0,0.0,0.0
2016-11-08,59.0,39.0,0.0,0.0,0.0
2016-11-09,60.0,36.0,0.0,0.0,0.0
2016-11-10,68.0,45.0,0.0,0.0,0.0
2016-11-11,50.0,36.0,0.0,0.0,0.0
2016-11-12,54.0,34.0,0.0,0.0,0.0
2016-11-13,62.0,42.0,0.0,0.0,0.0
2016-11-14,50.0,40.0,0.0,0.0,0.0
2016-11-15,55.0,34.0,0.0,0.0,0.0
2016-11-16,61.0,35.0,0.0,0.0,0.0
2016-11-17,58.0,46.0,0.0,0.0,0.0
2016-11-18,48.0,31.0,0.8,0.3,0.0
2016-11-19,32.0,23.0,0.0,0.0,0.0
2016-11-20,30.0,23.0,0.0,0.0,0.0
2016-11-21,38.0,22.0,0.0,0.0,0.0
2016-11-22,36.0,32.0,0.74,1.7,0.0
2016-11-23,35.0,33.0,0.06,0.3,2.0
2016-11-24,37.0,34.0,0.04,0.0,2.0
2016-11-25,36.0,32.0,0.0,0.0,0.0
2016-11-26,46.0,28.0,0.0,0.0,0.0
2016-11-27,45.0,29.0,0.31,0.0,0.0
2016-11-28,55.0,38.0,0.97,0.0,0.0
2016-11-29,38.0,35.0,0.01,0.0,0.0
2016-11-30,40.0,36.0,0.05,0.0,0.0
2016-12-01,39.0,33.0,0.0,0.0,0.0
2016-12-02,33.0,30.0,0.0,0.0,0.0
2016-12-03,32.0,29.0,0.0,0.0,0.0
2016-12-04,38.0,31.0,0.13,2.4,2.0
2016-12-05,40.0,27.0,0.0,0.0,0.0
2016-12-06,38.0,18.0,0.0,0.0,0.0
2016-12-07,21.0,16.0,0.0,0.0,0.0
2016-12-08,24.0,16.0,0.0,0.0,0.0
2016-12-09,20.0,10.0,0.0,0.0,0.0
2016-12-10,14.0,4.0,0.16,2.0,0.0
2016-12-11,21.0,13.0,0.33,5.1,4.0
2016-12-12,14.0,-3.0,0.0,0.0,6.0
2016-12-13,10.0,-7.0,0.0,0.0,6.0
2016-12-14,10.0,-3.0,0.0,0.0,6.0
2016-12-15,4.0,-9.0,0.03,0.2,5.0
2016-12-16,12.0,4.0,0.35,5.0,5.0
2016-12-17,12.0,-11.0,0.07,1.1,9.0
2016-12-18,2.0,-20.0,0.0,0.0,8.0
2016-12-19,26.0,2.0,0.0,0.0,7.0
2016-12-20,37.0,24.0,0.0,0.0,7.0
2016-12-21,41.0,23.0,0.0,0.0,7.0
2016-12-22,37.0,20.0,0.0,0.0,6.0
2016-12-23,38.0,33.0,0.1,0.0,6.0
2016-12-24,36.0,33.0,0.0,0.0,4.0
2016-12-25,37.0,32.0,0.97,0.0,4.0
2016-12-26,43.0,18.0,0.0,0.0,1.0
2016-12-27,25.0,17.0,0.0,0.0,1.0
2016-12-28,36.0,20.0,0.0,0.0,1.0
2016-12-29,33.0,22.0,0.0,0.0,1.0
2016-12-30,32.0,18.0,0.0,0.0,1.0
2016-12-31,31.0,20.0,0.0,0.0,1.0
2017-01-01,32.0,21.0,0.0,0.0,1.0
2017-01-02,33.0,28.0,0.02,0.0,1.0
2017-01-03,32.0,2.0,0.0,0.0,1.0
2017-01-04,4.0,-6.0,0.0,0.0,1.0
2017-01-05,2.0,-8.0,0.0,0.0,1.0
2017-01-06,5.0,-9.0,0.0,0.0,1.0
2017-01-07,9.0,-2.0,0.0,0.0,1.0
2017-01-08,18.0,-5.0,0.0,0.0,1.0
2017-01-09,27.0,17.0,0.07,0.7,0.0
2017-01-10,28.0,4.0,0.23,2.2,1.0
2017-01-11,10.0,4.0,0.12,2.1,4.0
2017-01-12,14.0,-6.0,0.0,0.0,4.0
2017-01-13,9.0,-7.0,0.0,0.0,4.0
2017-01-14,24.0,4.0,0.0,0.0,3.0
2017-01-15,34.0,1.0,0.0,0.0,2.0
2017-01-16,32.0,14.0,0.12,0.0,2.0
2017-01-17,35.0,29.0,0.11,0.6,2.0
2017-01-18,41.0,25.0,0.0,0.0,2.0
2017-01-19,37.0,29.0,0.0,0.0,2.0
2017-01-20,37.0,34.0,0.09,0.0,1.0
2017-01-21,38.0,35.0,0.01,0.0,1.0
2017-01-22,40.0,34.0,0.0,0.0,0.0
2017-01-23,35.0,33.0,0.0,0.0,0.0
2017-01-24,34.0,32.0,0.0,0.0,0.0
2017-01-25,32.0,29.0,0.09,2.2,1.0
2017-01-26,30.0,23.0,0.0,0.0,2.0
2017-01-27,31.0,17.0,0.0,0.0,2.0
2017-01-28,28.0,23.0,0.0,0.0,1.0
2017-01-29,29.0,18.0,0.0,0.0,1.0
2017-01-30,42.0,15.0,0.1,0.6,1.0
2017-01-31,38.0,30.0,0.02,0.0,0.0
2017-02-01,30.0,12.0,0.0,0.3,0.0
2017-02-02,17.0,8.0,0.0,0.0,0.0
2017-02-03,24.0,7.0,0.0,0.0,0.0
2017-02-04,35.0,13.0,0.0,0.0,0.0
2017-02-05,32.0,18.0,0.0,0.0,0.0
2017-02-06,33.0,18.0,0.0,0.0,0.0
2017-02-07,32.0,12.0,0.01,0.0,0.0
2017-02-08,14.0,1.0,0.0,0.0,0.0
2017-02-09,21.0,3.0,0.0,0.0,0.0
2017-02-10,46.0,20.0,0.0,0.0,0.0
2017-02-11,43.0,36.0,0.02,0.0,0.0
2017-02-12,40.0,29.0,0.0,0.0,0.0
2017-02-13,48.0,28.0,0.0,0.0,0.0
2017-02-14,43.0,26.0,0.0,0.0,0.0
2017-02-15,36.0,19.0,0.0,0.0,0.0
2017-02-16,42.0,27.0,0.0,0.0,0.0
2017-02-17,63.0,30.0,0.0,0.0,0.0
2017-02-18,58.0,34.0,0.0,0.0,0.0
2017-02-19,59.0,32.0,0.0,0.0,0.0
2017-02-20,55.0,41.0,0.61,0.0,0.0
2017-02-21,62.0,32.0,0.0,0.0,0.0
2017-02-22,59.0,37.0,0.0,0.0,0.0
2017-02-23,39.0,29.0,0.0,0.0,0.0
2017-02-24,29.0,20.0,0.0,0.0,0.0
2017-02-25,34.0,14.0,0.0,0.0,0.0
2017-02-26,40.0,23.0,0.0,0.0,0.0
2017-02-27,44.0,22.0,0.0,0.0,0.0
2017-02-28,47.0,32.0,0.0,0.0,0.0
